First Name,Last Name,Gender,DateOfBirth,Email,Phone Number,Address,City,State,Postal Code,Country,LoyaltyProgramID
Joshua,Willis,Others,2014-04-11,brettspencer@example.org,(653)301-6021,895 Chen Overpass Suite 388 Murphyfort  MH 60438,Whiteborough,Georgia,27058,Saint Lucia,4
Renee,Parker,M,1978-02-27,twatson@example.org,(845)693-2736x4884,4047 Danielle Curve Ryanton  KY 12546,Colonfort,Louisiana,03822,South Georgia and the South Sandwich Islands,2
Kelsey,Doyle,F,1986-11-01,davidcosta@example.com,(578)513-6458x856,0559 Lee Highway Apt. 148 Ryanville  NJ 35880,North Oliviahaven,Massachusetts,89854,Australia,2
Susan,Johnson,M,2003-11-05,wendy47@example.com,+1-846-253-4546x76802,03062 Wright Port Suite 011 Port Monique  FM 55168,Donaldmouth,Wyoming,34934,Uganda,4
Lisa,Snyder,Not Specified,1997-04-07,haleychase@example.org,001-936-722-0857x0450,PSC 5709  Box 3005 APO AA 65410,New Amandashire,Washington,52045,Egypt,5
Thomas,Stephens,Others,1976-07-02,williamslynn@example.org,(628)318-5065x5680,14112 Meyer Center Apt. 657 East Anthonyberg  NM 12896,Lindaville,New Jersey,43604,Martinique,4
Robert,Edwards,M,2001-05-26,jason80@example.net,001-833-980-3209x8208,4146 Davis Summit South Misty  MS 85658,West Robertbury,Louisiana,89391,Bermuda,4
Alison,Henderson,Not Specified,2001-08-20,ewingjohn@example.com,001-279-527-6267x37137,7614 Wong Rest Simpsonton  ID 20716,Lake Timothytown,California,15776,Russian Federation,1
Heather,Stokes,Not Specified,2023-01-10,benjaminbrooks@example.org,812.496.8629x155,8162 Evans Ferry Suite 363 Leebury  MT 19512,Aguirreton,Oregon,15725,Bosnia and Herzegovina,4
Tyler,Wheeler,Others,2005-09-01,xrichardson@example.net,+1-388-459-7960x854,0416 Mccoy Neck Apt. 309 Dickersonshire  CA 25506,West Saraton,Maryland,61484,Lesotho,5
Timothy,Frey,Not Specified,1995-05-11,velasquezchristopher@example.org,444.859.7422x56706,44038 Karen Path Robertfort  NJ 67683,East Wanda,Massachusetts,30526,Comoros,4
Jesse,Williams,Others,2016-03-08,cooperkenneth@example.com,+1-494-651-4650x4444,3028 Lisa Fields Suite 300 Calebshire  KY 28186,South Jennyland,Minnesota,52979,Switzerland,1
Vanessa,Mcmahon,M,1978-04-27,joseoneill@example.net,772-978-8000x847,72497 Warren Inlet Apt. 853 Aaronshire  RI 19775,Wendyton,Kansas,85773,Spain,2
Tanya,Garcia,Not Specified,2010-09-06,harmonjennifer@example.net,001-288-689-2265,USS Valenzuela FPO AP 54426,Lake John,Nevada,62066,Seychelles,2
Brian,Dalton,Not Specified,2005-01-04,mjacobson@example.com,(476)781-6243,691 Steven Villages Suite 360 Brittanyview  NC 89887,North Katrinastad,Michigan,45480,Iran,2
Virginia,Newton,M,2007-10-01,craig37@example.org,001-408-675-6773,49172 Lane Trail Apt. 666 Lake Scott  AK 09554,Riveraview,Hawaii,41295,Senegal,3
Brandy,King,Not Specified,1993-05-16,jackie39@example.net,3655089851,81389 Day Causeway Lake Jenniferchester  MI 76265,Lake Chelseaview,Massachusetts,85394,Singapore,3
Ryan,Garcia,F,2008-07-22,barbara29@example.org,+1-271-781-9443x48003,70024 Laura Skyway Suite 408 Port Dillon  HI 44291,South Jonathan,South Carolina,23360,Sierra Leone,2
Debra,Davis,M,1985-07-12,wilsonalexandra@example.com,887.252.7366,USNV Keller FPO AP 67743,North Laurieberg,Utah,77992,French Southern Territories,5
Michelle,Wagner,M,1990-11-20,fitzpatrickwilliam@example.net,526.507.5989x648,PSC 1497  Box 1383 APO AE 37291,Lake Stephanie,New York,59246,Dominican Republic,3
Anthony,Knight,F,1999-11-05,holly06@example.com,001-761-737-4553x29742,464 Miller Prairie Apt. 784 Laurafurt  OH 59072,Martinshire,West Virginia,74083,Costa Rica,5
Christina,Williams,M,2012-07-08,richardmorrison@example.org,3208789730,179 Stephanie Falls Suite 000 New Michaelport  KY 07341,Lake Sharon,Montana,90405,Finland,4
Ashley,Phillips,Not Specified,1982-06-22,jared46@example.net,603-240-5711x863,Unit 3542 Box 4103 DPO AP 17130,Tiffanyfort,North Dakota,25975,Tunisia,5
Tyler,Burnett,F,1971-10-04,nharris@example.net,716-543-8100x1187,7530 Christina Union West Wendy  SC 16970,Port Chadhaven,New Mexico,22519,Croatia,1
Mathew,Conner,M,1973-12-25,andrewpatel@example.net,001-475-468-5092,013 Smith Streets Jefferymouth  ND 18554,North Bradleyshire,Wisconsin,24835,Japan,5
Scott,Davenport,M,2022-04-21,danielle58@example.com,832-606-9181x46908,562 Russell Burg Apt. 213 New Albertmouth  VA 71660,Cassandraport,South Carolina,92674,Paraguay,4
Shannon,Davenport,Others,1990-01-26,johnsonashley@example.org,+1-386-883-1179x12855,PSC 1819  Box 4755 APO AA 88358,Westside,Indiana,90500,Cocos (Keeling) Islands,3
Russell,Taylor,F,1993-01-21,qhines@example.org,(678)321-6464,25658 Moore Alley West Cassandraview  CT 41958,Lake Michelle,West Virginia,69933,Libyan Arab Jamahiriya,2
Jason,Conner,Others,2017-12-18,hpalmer@example.net,001-580-605-9832x03679,245 Vaughan Pine Bennettborough  AK 91416,Ruizside,Kentucky,93329,Martinique,4
Charles,Young,M,2017-11-19,sydney74@example.org,001-254-721-1186,19900 Frank Forest North George  VA 05147,Hernandezfort,North Carolina,47416,Heard Island and McDonald Islands,3
Travis,Richmond,F,2010-09-20,robert00@example.org,+1-682-755-4068,375 Brandon Pike Suite 293 Port Taylorport  KS 81893,Myerschester,Iowa,46861,Kazakhstan,1
Lacey,Taylor,Others,2025-09-26,wmcneil@example.com,001-439-997-5653,39363 Reyes Street Suite 654 Janetfort  TX 24635,Lake Alexanderside,Maine,98906,Thailand,4
Laura,Richards,F,2012-08-01,knightdaniel@example.org,(578)581-2270,2826 Ethan Drive Suite 641 Sarahmouth  RI 05622,Soniaborough,Washington,25543,Norway,5
Jennifer,Williams,F,1977-11-15,teresaalvarez@example.org,507-573-5814,5880 James Corners Apt. 142 Alexaland  AL 97729,Port Charlesview,Minnesota,20808,United States of America,5
Maria,Castaneda,M,2013-01-02,glyons@example.com,+1-447-840-7641,3388 Sherman Ridge Elizabethshire  LA 05659,West Jasmine,Washington,12240,Canada,4
Debra,Daugherty,M,2013-04-03,kristapatel@example.net,761.436.9193,23334 Silva Island Suite 603 Port Melissaport  WV 16050,Lake Allenland,New Mexico,48926,Korea,5
Cody,Tucker,Others,1975-07-30,juanalexander@example.com,(648)870-2394x7538,6368 Laurie Streets Marioland  UT 73272,East Adrian,Idaho,62022,Djibouti,1
Jennifer,Smith,F,2007-06-26,bsanchez@example.org,(568)858-2012x7536,40700 Johnson Haven West Richard  GA 50232,New Josephside,Iowa,75381,Finland,5
Jenna,Brennan,F,1988-05-19,adamsjeremy@example.org,(816)816-5598,20000 Lori Lodge Apt. 804 Pricemouth  WY 44074,North Joshua,Alabama,73565,Bahamas,3
Connie,Tucker,F,1992-08-22,feliciaharrington@example.org,6373405073,83005 Jennifer Drive Chapmanview  NV 88885,Crystalstad,Washington,83471,Western Sahara,4
Craig,Jones,Not Specified,1998-08-25,bortiz@example.org,4235403099,5685 Pamela Valley Apt. 819 East Jonathanfort  OR 89648,West Charles,Delaware,13841,Austria,2
Joshua,Buchanan,Not Specified,2003-06-25,moonkristin@example.net,490-645-9824x5121,PSC 4000  Box 4207 APO AE 57288,Kaitlinmouth,Hawaii,38713,Timor-Leste,2
Sandra,Bradley,F,1983-01-29,iclark@example.com,888-251-5863,42808 Derrick Key Apt. 695 Douglasview  GU 03131,New Darin,Missouri,91943,Bermuda,4
Krystal,Hall,M,1980-08-27,alejandra59@example.net,469.735.9637x908,USNV Anderson FPO AA 25322,Lake Catherine,Wisconsin,37756,Greenland,1
Diane,Owen,Not Specified,2005-04-02,jerry17@example.com,+1-825-868-6624x91138,63999 Mclean Dam Lake Adam  NH 90892,South Deanberg,Virginia,77915,Burkina Faso,5
Megan,Fisher,Others,1995-05-07,martincheryl@example.net,813-928-0078x1931,925 Ayers Underpass Apt. 843 Stephanieton  AR 59229,Patrickburgh,Montana,79699,Vanuatu,4
Kenneth,Paul,M,1980-02-14,robersondennis@example.org,+1-823-411-2992,0473 Cynthia Tunnel Apt. 889 Underwoodhaven  NM 69124,South Crystal,South Carolina,03388,Luxembourg,4
Debbie,Choi,M,1971-08-22,cainangelica@example.org,(736)792-1717,889 Archer Spurs Suite 196 South Eriktown  TN 97144,Kristenview,Florida,38886,Algeria,3
Ryan,Freeman,Others,2018-11-17,kaylawilliams@example.com,897.275.0801x0584,PSC 8650  Box 1014 APO AE 27032,Warnerchester,Wyoming,83512,Mali,3
Amanda,Lopez,F,1978-04-06,arice@example.com,001-720-868-1684x863,8420 Ball Burgs Suite 433 Garciabury  AS 93605,New Josephfurt,Colorado,95251,Canada,1
David,Nguyen,Others,2012-02-22,sydneycharles@example.com,971.671.6535x49791,549 Smith Mountain Apt. 371 Port Shelby  NE 93741,Williamfort,New Mexico,07613,Ukraine,1
Joseph,Ali,F,1987-01-24,garzachristopher@example.org,(899)856-3223,Unit 6139 Box 8270 DPO AP 20312,New John,Missouri,62732,Barbados,4
Jason,Cook,F,2004-07-10,christensenabigail@example.org,350.718.5311,392 Wilson Plain Apt. 446 Amandaview  AR 54574,Armstrongchester,Michigan,57344,Micronesia,3
Michael,Duncan,F,1971-08-14,wwhite@example.com,(904)968-1750,5235 Thompson Rest East Lauren  ID 52108,South Pamela,Oklahoma,46286,Svalbard & Jan Mayen Islands,2
Mary,Hoffman,Others,1970-10-17,wallsjessica@example.com,259-300-8984x59858,Unit 9229 Box 5474 DPO AE 96689,East Lynnchester,New Hampshire,70401,Japan,2
Michael,Mitchell,Not Specified,1984-02-11,bryantrandy@example.org,676-408-1304,38822 Ibarra Islands Apt. 712 Harrisbury  NM 42936,Adamsstad,Pennsylvania,05952,Greenland,2
Aaron,Jones,F,1983-06-16,stanleywalton@example.net,945.775.0315x229,Unit 9213 Box 0877 DPO AE 31185,Jennyborough,South Carolina,88919,Solomon Islands,1
Brandon,Neal,Not Specified,1990-04-26,cyoung@example.com,001-750-207-1820x0403,8253 Marsh Spurs Lake Edwardchester  NV 02744,Raymondmouth,Iowa,89686,Liechtenstein,5
Joseph,Chaney,F,1982-02-22,lpark@example.com,664.241.3706,65601 Farrell Mount North Hannah  CA 83387,Whitehaven,Iowa,85018,Dominican Republic,4
Lisa,Chapman,Not Specified,1987-07-28,odonnellsusan@example.com,(458)670-0197,566 Jason Summit Suite 264 Wendyberg  WA 46705,Taylorstad,Wisconsin,53601,Azerbaijan,1
Margaret,Jacobson,Not Specified,1994-02-11,vweber@example.net,651-225-3621x618,4437 Smith Trafficway Suite 143 Shawnview  CA 28631,East Heidi,Wyoming,83879,Tajikistan,4
Arthur,Roberts,Not Specified,2018-07-17,johnsonkathryn@example.org,(650)693-2922,680 Patricia Grove Apt. 375 Christinabury  NY 79266,Andersonside,Nebraska,28895,Uruguay,5
Riley,Moss,M,1999-08-31,david57@example.net,(753)783-4779x1278,9616 Robert Junctions Coxtown  FM 00581,Karenbury,Colorado,48430,Serbia,1
Katie,Johnson,Others,2010-10-23,wthomas@example.net,(629)324-0797,9670 Jordan Locks Suite 292 North Meganville  KY 11759,Colleenmouth,Vermont,86609,Maldives,1
Kathy,Baker,Not Specified,2008-09-07,johnsawyer@example.org,609-926-5456,0766 Davis Garden Lake Holly  AR 27194,Colemouth,Rhode Island,09853,Rwanda,3
Alexandra,Atkinson,Not Specified,1988-07-15,justinyang@example.org,+1-712-462-9333x6145,693 Shelton Turnpike Apt. 365 Roachfort  NH 65923,West Austin,California,04355,Myanmar,2
Courtney,Petty,M,1996-06-19,hallcraig@example.org,(545)840-5127x838,52502 Scott Lodge Suite 581 Nortonfort  MH 11235,Lake Ashleyberg,Mississippi,91833,Syrian Arab Republic,5
Evelyn,Mendoza,F,2022-06-25,whitejulia@example.org,001-324-895-1397,502 Armstrong Village Suite 979 East Christinaberg  LA 27306,South Chelsea,Kansas,49772,Turkmenistan,2
Steven,Solis,Not Specified,1995-10-08,willieescobar@example.com,(560)373-9785x982,5503 Buchanan Crescent Suite 880 Nicoleport  MA 99630,New Erica,Oregon,17567,Israel,2
Kim,Sutton,Others,1976-12-12,rhayes@example.net,+1-485-924-3203x310,98384 Martinez Extensions Murraychester  MO 77324,South Kelly,Wyoming,18810,Georgia,3
Michelle,James,M,1973-03-21,jefferylarson@example.org,650-439-8982x1058,981 Shawn Brook North Christopherbury  CO 14707,South Johnland,Nebraska,63877,Cambodia,4
Travis,Baker,M,2019-01-12,schultzmichelle@example.net,378.530.8850,34579 Hutchinson Radial Suite 417 Danielberg  ND 05645,East Sarahport,Colorado,49185,Myanmar,4
Kelly,Hart,F,1972-09-23,elizabethjohnson@example.com,001-363-430-6384x584,5507 Thomas Plains Apt. 240 Reyesville  MO 86315,New Diana,Pennsylvania,60783,Fiji,3
Paige,Thomas,Others,1999-03-23,harpersean@example.net,001-437-959-0643x83120,631 Taylor Greens Apt. 939 Kimberlyland  PW 95673,South Randyhaven,Massachusetts,29991,Hungary,2
Beth,Ingram,Others,1974-04-23,kenneth70@example.org,525-514-4495x545,218 Walsh Port Suite 190 Lake Lisa  IN 26959,Jacquelineport,West Virginia,81098,Papua New Guinea,3
Kimberly,Taylor,F,1985-12-19,snowjames@example.com,+1-405-477-0763x4350,656 William Dam Apt. 748 Johnstown  MP 28204,Donovanhaven,Nebraska,33583,Equatorial Guinea,2
Karen,Evans,Not Specified,1989-05-16,darlene52@example.net,504-936-0698,75593 Martin Court New Justin  NE 69019,Robertsview,Alaska,64726,Yemen,3
Mary,Mueller,M,2011-03-04,williamsonnathaniel@example.net,001-774-728-7921x47187,883 Moore Meadow Suite 825 Lake Melanieberg  CT 72963,Port Michael,Tennessee,00590,French Guiana,5
Heather,Griffin,Others,1984-12-08,harrisonsonya@example.org,858.351.7674,81060 Mitchell Flats Apt. 691 Port Heather  FL 86058,South Brittany,New York,31819,Bhutan,2
Michelle,Hutchinson,Others,1986-07-22,obennett@example.net,+1-371-959-5954x49924,USCGC Green FPO AP 32316,Racheltown,Texas,75081,Djibouti,3
Andrea,Gibson,Not Specified,2001-11-26,stanleyortiz@example.com,268-979-5395,14492 Tina Knolls Jacobberg  PW 23187,East Michael,Vermont,32702,Cameroon,1
Andrew,Moore,Not Specified,1983-12-25,christine55@example.com,774.296.4794,PSC 2965  Box 6678 APO AP 63934,Smithport,Tennessee,07733,Cape Verde,3
Mark,Lloyd,Others,2014-09-29,joshua70@example.com,4505488804,83130 Murphy Green Apt. 165 West Yvonne  MT 10798,Lake Mariehaven,Illinois,59094,Palau,4
Priscilla,Brown,F,1997-07-07,theresaross@example.com,001-387-615-7205x67971,38087 Stephen Extensions Hallview  MS 25614,Lisafort,Mississippi,79767,Gabon,1
Sydney,Carlson,Others,1989-12-20,richardhamilton@example.net,001-850-201-1712x623,469 Johnson Motorway Leonardborough  MH 79317,West Matthew,Colorado,90323,Saint Pierre and Miquelon,4
Bobby,Mckay,Others,2008-04-10,darryl35@example.net,804-571-1435x899,9713 Lewis Via Apt. 489 Jonesview  IN 52425,Griffinburgh,New Mexico,09534,Botswana,2
Jenna,Martin,Not Specified,1973-02-20,trevor09@example.net,8588234159,0187 Bradley Row New Markside  NE 97257,Lake Scott,New Mexico,43107,Puerto Rico,5
Jessica,Foster,Not Specified,2018-07-10,armstrongnatalie@example.com,3602074556,PSC 5863  Box 0815 APO AA 50675,Port Jennifermouth,West Virginia,81922,Ecuador,4
Zachary,Klein,M,2009-12-23,watkinsjames@example.net,001-554-785-6568,4208 Allen Drives Suite 803 Rebeccaburgh  IA 18805,Lake Lindseyfort,Delaware,87459,Puerto Rico,2
Jeffery,Perry,F,1995-01-05,williamsthomas@example.org,+1-987-543-2367x94854,3339 Adkins Parks Suite 192 Julieland  MO 76004,West Travis,Pennsylvania,64867,Heard Island and McDonald Islands,5
Lisa,Cummings,Not Specified,1993-07-01,joseph19@example.com,+1-545-837-8097x28389,372 Glass Port Apt. 701 East Robert  VT 07768,Williamsontown,Georgia,92806,Trinidad and Tobago,4
Grace,Kirby,Others,1978-09-27,patricia84@example.org,(922)915-8736x686,156 Jesus Spur Suite 369 Martinview  OK 54388,Nathanport,Oklahoma,63128,Italy,4
Jennifer,Johnson,Not Specified,2018-06-21,mhernandez@example.com,001-966-397-4927x1952,USNS Garrett FPO AA 93599,North Erika,Missouri,99383,Czech Republic,1
Stephen,Lee,Not Specified,2022-07-16,stevenhall@example.com,+1-763-715-3083x81664,2891 Alexis Manors South Rebekahhaven  VT 93323,Port Scott,Indiana,72328,Nauru,3
Michael,Skinner,F,2003-06-18,robert24@example.net,422.647.1845x4952,8373 John Station Apt. 889 South Susan  NH 30345,Carolinestad,South Carolina,06917,Kenya,4
Patrick,Nguyen,Others,2002-07-19,katherine14@example.com,001-228-910-4764x314,444 Daniel Mount Suite 245 Stevenshire  PR 80273,Littlemouth,Arkansas,22617,Malaysia,4
Erin,Cooper,Not Specified,2006-06-04,kaylacollins@example.org,503.433.4102x146,424 Sheppard Shoals Apt. 353 South Brandontown  OH 89598,Alexanderside,Maryland,84768,Algeria,1
Joshua,Berry,F,2014-07-21,smithamy@example.com,667-503-2924,33253 Alexandra Vista Apt. 076 North Kathy  MI 75370,Port Justintown,Florida,08911,Saint Martin,5
Ruth,Bell,F,2022-06-04,jeffrey23@example.net,674.912.9953,91822 Kenneth Mall Apt. 173 Lake Markville  AL 76268,Port Alisonview,Utah,75843,Martinique,5
Joshua,Miller,Not Specified,1995-12-26,erin53@example.net,7607917569,31314 Jackson Garden East Lori  NC 78936,Hayesborough,Connecticut,43401,Philippines,2
