StoreName,StoreType,StoreOpeningDate,Address,City,State,Country,Region,Manager Name
The Thoughtful Vision,Exclusive,2010-12-24,88966 Anna Lights Lake Gina  GU 43384,Lake Nicoleland,South Dakota,Georgia,East,Anna
The Persistent Treasure,Exclusive,2006-04-30,131 Smith Radial Suite 473 South Marcus  ND 76266,Janicefurt,Hawaii,Armenia,South,Christine
The Energetic Village,SMB,2023-11-29,874 Ramirez Mission South Michaelport  OK 30561,East Marthabury,North Carolina,British Indian Ocean Territory (Chagos Archipelago),West,Matthew
The Innovative Ocean,Exclusive,1982-11-16,866 Kennedy Mountain Port Travis  AR 61549,Obrienhaven,Wisconsin,Saint Pierre and Miquelon,South,Susan
The Confident Mountain,Outlet Stores,2012-11-24,5223 Barnes Isle Apt. 695 Jodishire  OK 36970,Lake Garrettchester,Indiana,Bahamas,North,Felicia
The Dedicated Journey,Exclusive,2008-09-05,2769 Miller Forest Apt. 247 Tracyville  IL 24751,Williamsberg,Oregon,British Indian Ocean Territory (Chagos Archipelago),South,Lisa
The Patient Success,MBO,1971-08-10,905 Goodman Lakes Apt. 958 Zacharyborough  NY 27741,South Rhondatown,Massachusetts,Turkmenistan,West,Lisa
The Generous Courage,Exclusive,1977-07-02,486 Roger Branch Leefurt  UT 34591,Dawnfort,Pennsylvania,Armenia,North,Eric
The Responsible Innovation,MBO,1979-02-17,138 Jessica Overpass Elizabethborough  NH 32149,Lake Brendaburgh,California,Cuba,East,Johnny
The Wise Adventure,MBO,2014-05-21,04773 Norris Burg Apt. 897 New Johnville  WA 25903,Alanmouth,North Carolina,Trinidad and Tobago,North,Troy
The Diligent City,Outlet Stores,1990-12-08,Unit 6587 Box 9038 DPO AA 58301,Port Sarah,North Dakota,Indonesia,West,Cody
The Honest Vision,Outlet Stores,2007-07-28,1757 Scott Springs West Angela  NC 65707,Lake Virginiafurt,North Carolina,Congo,South,Malik
The Innovative Harmony,MBO,1973-12-21,USNV Phelps FPO AE 60985,East Jason,South Carolina,Antarctica (the territory South of 60 deg S),East,Brian
The Independent Journey,Outlet Stores,1983-01-09,46224 Banks Loop North Joshua  TX 38412,Burtonfurt,Louisiana,Syrian Arab Republic,West,Benjamin
The Versatile Innovation,SMB,2010-03-13,272 Lewis Crossing Turnerchester  HI 27284,Debbiefort,Massachusetts,Guadeloupe,East,Jessica
The Ambitious Treasure,SMB,2002-11-28,4738 Adams Key Suite 418 Allenchester  ID 52553,Villatown,North Carolina,Cape Verde,South,Bonnie
The Resourceful Vision,SMB,2001-07-12,974 John Street Apt. 310 Barretttown  KS 86684,New Alexander,Maryland,French Southern Territories,West,Beth
The Thoughtful Library,Exclusive,2015-06-16,956 Jennifer Shores Suite 875 East Veronica  WA 78218,Starkland,Alaska,Guernsey,North,Stephen
The Ambitious Castle,MBO,1983-01-31,900 Lindsey Track Martinland  AL 56634,New Alejandro,New Mexico,Greenland,West,Timothy
The Creative Success,Exclusive,2006-08-07,9256 Brown Motorway Wongstad  OK 45378,Port Carolborough,Tennessee,Tajikistan,South,Lisa
The Responsible Vision,MBO,2021-10-04,3806 Amanda Stream Suite 121 Lake Kurtville  MN 51983,Blackwellview,North Dakota,Bouvet Island (Bouvetoya),West,Jeremy
The Friendly River,Outlet Stores,1990-07-04,829 Obrien Cape Apt. 000 West Wesleyborough  TN 54920,West Cindyburgh,Hawaii,Luxembourg,South,Alison
The Dedicated Success,MBO,1995-12-27,Unit 3703 Box 7524 DPO AP 12294,Montesview,Wisconsin,Korea,North,Brandon
The Reliable Courage,MBO,2020-02-27,24854 Christopher Road Daniellechester  WI 56818,Floresburgh,Tennessee,Fiji,West,Diane
The Friendly Vision,Outlet Stores,2015-08-07,3097 Martinez Club Apt. 052 New Brianview  AR 27719,Susanville,Nebraska,Bahrain,South,Andre
The Passionate Wisdom,Outlet Stores,1995-07-12,987 Wood Bypass Roberttown  MT 33825,Port Caitlin,Missouri,South Africa,East,John
The Persistent Discovery,SMB,1971-05-28,615 Carpenter Unions Dudleymouth  ID 59040,East Johnny,Colorado,Poland,West,Robert
The Ambitious Mountain,MBO,1999-05-16,992 Davis Walk Joseside  ND 52743,Amymouth,Arizona,Eritrea,North,Kathryn
The Wise Forest,MBO,1979-08-19,1476 James Corners Timothyville  NV 76473,Walkertown,Louisiana,Jordan,East,Kim
The Persistent Castle,Exclusive,2003-01-09,1551 Jennifer Freeway Bridgetland  MN 96817,New Shannonstad,Tennessee,Hungary,North,Stephen
The Thoughtful Journey,MBO,1970-12-27,69346 Deborah Wells New Randyborough  TN 21397,Boothland,Georgia,Argentina,East,Jennifer
The Ambitious Vision,MBO,2005-06-07,319 Thomas Village North Curtis  ND 89684,Laurashire,Utah,Nigeria,West,Travis
The Patient Bridge,Exclusive,1979-01-24,566 Smith Port Suite 899 Feliciastad  NV 13054,Penaborough,Illinois,Namibia,South,Valerie
The Confident Adventure,MBO,2022-04-08,443 Wanda Points Fowlerview  IN 03859,North Hannahshire,Montana,Turkey,West,Jeremy
The Confident Journey,Outlet Stores,1972-03-17,9685 Jasmine Island Port Robert  PW 49500,North Jamesshire,Utah,Ghana,East,Sheri
The Responsible Journey,MBO,1974-09-27,90187 Jacqueline Circles Amyhaven  MI 08916,West Bryanside,Oregon,Gibraltar,East,Julia
The Wise Castle,MBO,1998-01-29,39194 Parker Throughway Apt. 831 Bradleybury  OR 99803,Cruzfurt,South Dakota,Tokelau,West,Alyssa
The Energetic Freedom,Outlet Stores,2004-02-16,PSC 8230  Box 2413 APO AE 29927,Wilsontown,Virginia,Sierra Leone,North,Willie
The Optimistic River,SMB,1991-12-27,PSC 2817  Box 6374 APO AP 98314,South Johnfort,Maryland,New Caledonia,East,Monica
The Practical Garden,MBO,2025-07-17,615 Susan Square Apt. 890 Bentonborough  OH 66704,Jasonburgh,Utah,Guatemala,East,Kristin
The Responsible Harmony,Outlet Stores,1982-05-18,159 Austin Station Freemanchester  MO 33417,New Dillonstad,Nevada,Japan,East,Michael
The Optimistic Village,Exclusive,1986-03-04,8307 Jackson Street Suite 412 South Stacey  KY 47833,East Mary,Massachusetts,Saudi Arabia,West,James
The Passionate Mountain,MBO,1975-10-21,01781 Underwood Brook Suite 368 West Wendychester  MH 35911,Jacquelineberg,Nevada,Moldova,North,Leslie
The Dedicated Garden,Exclusive,2004-08-22,615 Graham Summit Suite 186 Johnsonland  CA 89857,Lake Morganport,Tennessee,Greece,North,Maria
The Optimistic Success,SMB,1987-05-16,14406 Amy Shoals Suite 250 West Gloria  NE 39579,New Karen,Illinois,Kyrgyz Republic,South,David
The Ambitious Ocean,Exclusive,2005-08-09,Unit 9171 Box 9980 DPO AP 28261,Port Markchester,Iowa,Turks and Caicos Islands,East,Christopher
The Brilliant Courage,MBO,1998-07-31,25807 Lee Fords Apt. 397 Moniqueview  MO 52565,North Rachaelview,New Jersey,Maldives,North,Walter
The Ambitious Knowledge,Outlet Stores,1973-11-25,4669 Tammie Stravenue New Susan  MP 72145,Lake Jared,Louisiana,Guinea-Bissau,West,Mark
The Adaptable Freedom,Outlet Stores,2024-10-05,091 Lisa Dale Apt. 153 Lake Samuelborough  NC 74864,West Olivia,Delaware,Chile,East,Ryan
The Reliable Wisdom,Exclusive,2005-11-08,76296 William Lake Suite 644 West Nicholaston  GU 40125,Danielville,Iowa,Hong Kong,East,Daniel
The Brilliant Adventure,Outlet Stores,2020-11-27,97285 Kelsey Road West Rebeccaside  OH 03005,Codyland,Maryland,Iceland,West,Gabriel
The Responsible Innovation,MBO,1999-09-14,671 Alex Well Smithburgh  OH 73000,North Donaldton,Wisconsin,Djibouti,South,Matthew
The Generous Planet,Exclusive,1973-07-10,4150 Samuel Valley Denisemouth  AZ 04893,South Edward,New York,Brazil,South,Veronica
The Trustworthy Dream,MBO,1974-05-16,452 Smith Garden North Rachelshire  FL 25828,Jessicahaven,Louisiana,Guinea,East,Joel
The Wise Dream,Outlet Stores,2025-05-01,8284 Roberto Fork Suite 776 Santiagofurt  VT 91435,Kevintown,Kansas,South Georgia and the South Sandwich Islands,North,Dakota
The Generous Mountain,Outlet Stores,1978-08-10,176 Jennings Knoll New Stevenfurt  NJ 25126,East Kaitlin,Washington,Montenegro,East,Danielle
The Independent Discovery,Outlet Stores,1980-03-27,71020 Mills Field Apt. 243 East Dana  AS 32060,North Christopher,Mississippi,Liberia,East,Stephanie
The Dedicated Wisdom,MBO,2004-03-15,USCGC Martinez FPO AP 10257,North Benjamin,Washington,Poland,West,Rachel
The Honest City,MBO,1987-05-04,37109 Liu Ports West Sydneyland  MA 15769,New Ambertown,Florida,Honduras,West,Michele
The Adaptable Dream,Outlet Stores,2008-08-01,801 Shaffer Trafficway Apt. 705 Christophermouth  WI 47345,New Mary,Michigan,Bosnia and Herzegovina,North,Richard
The Practical Ocean,SMB,1975-12-16,249 Garcia Shore West Markfort  CT 63497,Hickshaven,Pennsylvania,Somalia,West,Thomas
The Independent Library,Exclusive,1975-06-12,6414 Hunter Grove Apt. 465 Snyderland  NC 54525,Gonzalesberg,Montana,Brazil,West,Steven
The Creative Treasure,Exclusive,1999-05-30,466 Beck Burg Joshuaside  MN 67574,New Michael,Nebraska,Syrian Arab Republic,West,David
The Versatile Planet,Outlet Stores,1975-12-17,656 Duncan Meadows Suite 484 Hansenburgh  PR 21006,Orozcomouth,Ohio,Turkey,East,Randy
The Wise Garden,SMB,1979-05-15,45059 Pamela Key Sierrafort  NC 48323,Jamesport,Kentucky,Finland,West,Keith
The Optimistic Knowledge,Outlet Stores,2011-09-08,917 Bailey Junctions West Leslie  MH 01352,Olsonchester,Alabama,Marshall Islands,East,Susan
The Optimistic City,Exclusive,1972-02-22,482 Wallace Roads Suite 026 New Michellehaven  ME 82839,New Courtneyton,Georgia,China,East,Christian
The Diligent Library,MBO,2021-02-04,49150 Malik Flat Apt. 349 Port Reginald  NJ 33814,Williamland,North Dakota,Kuwait,West,Mike
The Organized Courage,Exclusive,2022-02-09,19078 Smith Loop Apt. 965 North Frederick  NE 32458,Christophershire,Maryland,Iraq,South,Emma
The Persistent Journey,Outlet Stores,1990-02-28,206 Roger Ridge South Jason  IL 66864,Victoriamouth,Rhode Island,United States of America,South,Sarah
The Passionate Galaxy,Outlet Stores,2024-11-04,567 Shawn Pine Apt. 214 South Lindsayhaven  NV 75220,Sheriburgh,Ohio,Zambia,North,Tina
The Responsible Garden,Outlet Stores,1990-04-17,9588 Smith Village Apt. 405 Phillipstown  VT 13123,Derekview,Nebraska,Ireland,South,Ellen
The Wise Courage,MBO,2006-04-09,5278 Williams Pines Edwardmouth  MO 24629,Port Julieberg,Tennessee,Sao Tome and Principe,West,Andrea
The Reliable Adventure,MBO,1993-10-08,2690 Terri Oval Lisatown  OR 13430,Leechester,Virginia,Austria,North,Joseph
The Patient Harmony,Outlet Stores,1989-07-18,2782 Smith Rue Suite 004 South Michael  MS 77815,Lake Robin,California,Seychelles,North,Jose
The Dedicated River,MBO,2000-11-16,2956 Joseph Pike South John  AL 70051,Jeffreymouth,Massachusetts,Jamaica,North,Virginia
The Diligent Freedom,SMB,1988-11-02,070 Wilson Rest Apt. 239 Port Ericbury  IN 57584,Williamfurt,Washington,Rwanda,South,Tracey
The Wise Adventure,Exclusive,1977-02-14,3489 Conley Summit New Tamarahaven  TX 95543,Jamestown,Tennessee,Ukraine,West,Karen
The Practical Courage,Exclusive,2006-05-10,0545 Sarah Streets Suite 402 North Hayley  WY 16840,Lake Chad,Oregon,Senegal,South,Dawn
The Reliable Village,Exclusive,2014-01-04,77312 Steven Prairie Williamville  TX 69329,Roberttown,Utah,Zambia,North,Amy
The Reliable Vision,SMB,1990-06-07,7098 Jeffrey Valley East Loriside  FL 90866,Lake Geraldmouth,Alabama,Comoros,East,Katie
The Versatile Ocean,Exclusive,2013-04-02,8103 Andrews Mountains Apt. 829 Johnsonton  ND 87673,Natalieville,Oklahoma,Cayman Islands,East,Holly
The Honest Harmony,MBO,1999-03-12,10281 Gibson Spur Suite 706 West Alyssa  GA 13549,Laurafort,Michigan,Algeria,West,Karen
The Generous Castle,SMB,1974-04-23,4008 Wise Camp Williammouth  CT 95965,Lake David,Texas,Argentina,North,Michael
The Independent Village,SMB,2019-10-28,USNV Michael FPO AP 02164,Rosemouth,New Jersey,Pakistan,East,Katherine
The Organized Adventure,Outlet Stores,1999-02-21,116 Jessica Keys Suite 899 Johnmouth  MH 03631,New Joshuashire,Tennessee,Tajikistan,North,Jamie
The Passionate Opportunity,MBO,2024-08-04,78429 Alejandro Inlet Suite 323 East Emilymouth  WY 38896,North Kelly,Alabama,Uruguay,North,Adam
The Versatile Forest,Exclusive,2003-06-08,560 Ali Glen Suite 474 Hoffmanmouth  VA 04048,South Jessicaberg,Vermont,Bolivia,West,Jane
The Supportive Success,Exclusive,2014-10-24,986 Zachary Ports Apt. 750 Mckinneychester  UT 38566,West Randymouth,North Carolina,Cayman Islands,West,Elizabeth
The Independent River,Exclusive,2006-03-12,05367 Richard Bypass West Meganchester  MO 47282,Martineztown,Pennsylvania,Jordan,West,Patricia
The Trustworthy Opportunity,Outlet Stores,1978-10-27,0222 Anthony Field Michaelland  MI 61020,East Jenniferberg,New Hampshire,Kiribati,West,Erin
The Friendly Library,Outlet Stores,2020-03-20,91069 Foster Turnpike North Martin  KY 09304,Michelletown,New York,Guyana,East,Alicia
The Brilliant Forest,Exclusive,1980-08-24,99085 Brown Unions Apt. 532 Port Matthewchester  OK 06662,North Matthewstad,Tennessee,Falkland Islands (Malvinas),North,Anthony
The Trustworthy Freedom,MBO,1999-01-14,29729 Bennett Harbors Suite 667 Elizabethborough  DC 61105,West Thomas,Maine,Kiribati,East,Rebecca
The Reliable River,Exclusive,1999-02-12,6457 Johnson Well Suite 256 Harrisshire  GA 63121,Castanedaberg,Connecticut,Liechtenstein,South,Sarah
The Confident Vision,Outlet Stores,1993-04-01,9755 Dixon Drive Apt. 550 New James  IA 42798,Belltown,Virginia,United Arab Emirates,North,Virginia
The Generous Galaxy,MBO,2003-06-17,3720 Zimmerman Crest Suite 961 Lopezshire  MA 07411,East Adam,Oregon,Angola,North,Lindsay
The Reliable Freedom,Exclusive,1984-02-02,PSC 9943  Box 3703 APO AP 04863,North Johnathanton,Oklahoma,Australia,North,Kevin
The Versatile Planet,Exclusive,2021-11-18,4914 William Junction New Frederickview  MI 17442,Danielberg,Georgia,Micronesia,South,Emily
The Energetic Challenge,Exclusive,1997-11-15,76979 Rebecca Locks Powerstown  AR 37161,Nelsontown,Maryland,Jordan,East,Gabriel
